"dimension_id","weight","weight_normalized"
"ECO",50.3349676694347,0.503349676694347
"ENV",49.6069691649952,0.496069691649952
"SOC",0.058063165570091,0.00058063165570091
