"indicator_id","weight","weight_normalized"
"IAMB0003",49.6467289400039,0.496467289400039
"IAMB0005",36.517452846172,0.36517452846172
"IAMB0002",13.8358182138241,0.138358182138241
